<?xml version="1.0" encoding="UTF-8" standalone="yes" ?>
<program>
  <header>
    <applicationBuildName></applicationBuildName>
    <applicationBuildNumber>0</applicationBuildNumber>
    <applicationBuildType>signedRelease</applicationBuildType>
    <applicationName>Pocket Code</applicationName>
    <applicationVersion>1.2.4</applicationVersion>
    <catrobatLanguageVersion>1.11</catrobatLanguageVersion>
    <dateTimeUpload></dateTimeUpload>
    <description></description>
    <deviceName>Pixel 7a</deviceName>
    <isCastProject>false</isCastProject>
    <landscapeMode>false</landscapeMode>
    <listeningLanguageTag></listeningLanguageTag>
    <mediaLicense></mediaLicense>
    <notesAndCredits></notesAndCredits>
    <platform>Android</platform>
    <platformVersion>34</platformVersion>
    <programLicense></programLicense>
    <programName>My project</programName>
    <remixOf></remixOf>
    <scenesEnabled>true</scenesEnabled>
    <screenHeight>2219</screenHeight>
    <screenMode>STRETCH</screenMode>
    <screenWidth>1080</screenWidth>
    <tags></tags>
    <url></url>
    <userHandle></userHandle>
  </header>
  <settings/>
  <scenes>
    <scene>
      <name>Scene</name>
      <objectList>
        <object type="Sprite" name="Background">
          <lookList>
            <look fileName="img.png" name="Background">
              <isWebRequest>false</isWebRequest>
              <valid>true</valid>
            </look>
          </lookList>
          <soundList/>
          <scriptList/>
          <nfcTagList/>
          <userVariables/>
          <userLists/>
          <userDefinedBrickList/>
        </object>
        <object type="Sprite" name="Clouds1">
          <lookList>
            <look fileName="img_#0.png" name="Clouds">
              <isWebRequest>false</isWebRequest>
              <valid>true</valid>
            </look>
          </lookList>
          <soundList/>
          <scriptList>
            <script type="StartScript" posX="0.0" posY="0.0">
              <brickList>
                <brick type="PlaceAtBrick">
                  <brickId>ac758ac5-97cd-4150-91ab-e11281ff704b</brickId>
                  <commentedOut>false</commentedOut>
                  <formulaList>
                    <formula category="X_POSITION">
                      <additionalChildren/>
                      <type>NUMBER</type>
                      <value>0</value>
                    </formula>
                    <formula category="Y_POSITION">
                      <additionalChildren/>
                      <type>NUMBER</type>
                      <value>0</value>
                    </formula>
                  </formulaList>
                </brick>
                <brick type="GlideToBrick">
                  <brickId>ce9ebec6-35c2-43a9-98f7-29d954007f37</brickId>
                  <commentedOut>false</commentedOut>
                  <formulaList>
                    <formula category="DURATION_IN_SECONDS">
                      <additionalChildren/>
                      <type>NUMBER</type>
                      <value>5</value>
                    </formula>
                    <formula category="X_DESTINATION">
                      <additionalChildren/>
                      <rightChild>
                        <additionalChildren/>
                        <type>NUMBER</type>
                        <value>1080</value>
                      </rightChild>
                      <type>OPERATOR</type>
                      <value>MINUS</value>
                    </formula>
                    <formula category="Y_DESTINATION">
                      <additionalChildren/>
                      <type>NUMBER</type>
                      <value>0</value>
                    </formula>
                  </formulaList>
                </brick>
                <brick type="PlaceAtBrick">
                  <brickId>6325ee48-cf80-4407-8f61-b8b1a13191bc</brickId>
                  <commentedOut>false</commentedOut>
                  <formulaList>
                    <formula category="X_POSITION">
                      <additionalChildren/>
                      <type>NUMBER</type>
                      <value>1080</value>
                    </formula>
                    <formula category="Y_POSITION">
                      <additionalChildren/>
                      <type>NUMBER</type>
                      <value>0</value>
                    </formula>
                  </formulaList>
                </brick>
                <brick type="ForeverBrick">
                  <brickId>397271b7-b008-4f64-a5e8-6d40566226d3</brickId>
                  <commentedOut>false</commentedOut>
                  <loopBricks>
                    <brick type="GlideToBrick">
                      <brickId>c82f1a27-0ce8-4b3f-ab04-019815742631</brickId>
                      <commentedOut>false</commentedOut>
                      <formulaList>
                        <formula category="DURATION_IN_SECONDS">
                          <additionalChildren/>
                          <type>NUMBER</type>
                          <value>10</value>
                        </formula>
                        <formula category="X_DESTINATION">
                          <additionalChildren/>
                          <rightChild>
                            <additionalChildren/>
                            <type>NUMBER</type>
                            <value>1080</value>
                          </rightChild>
                          <type>OPERATOR</type>
                          <value>MINUS</value>
                        </formula>
                        <formula category="Y_DESTINATION">
                          <additionalChildren/>
                          <type>NUMBER</type>
                          <value>0</value>
                        </formula>
                      </formulaList>
                    </brick>
                    <brick type="PlaceAtBrick">
                      <brickId>5a06d033-59ac-42c9-8e5c-1d7f3e75ff94</brickId>
                      <commentedOut>false</commentedOut>
                      <formulaList>
                        <formula category="X_POSITION">
                          <additionalChildren/>
                          <type>NUMBER</type>
                          <value>1080</value>
                        </formula>
                        <formula category="Y_POSITION">
                          <additionalChildren/>
                          <type>NUMBER</type>
                          <value>0</value>
                        </formula>
                      </formulaList>
                    </brick>
                  </loopBricks>
                </brick>
              </brickList>
              <commentedOut>false</commentedOut>
              <scriptId>5807d866-e138-4379-8dbb-89e26252c994</scriptId>
            </script>
          </scriptList>
          <nfcTagList/>
          <userVariables/>
          <userLists/>
          <userDefinedBrickList/>
        </object>
        <object type="Sprite" name="Clouds2">
          <lookList>
            <look fileName="img_#1.png" name="Clouds">
              <isWebRequest>false</isWebRequest>
              <valid>true</valid>
            </look>
          </lookList>
          <soundList/>
          <scriptList>
            <script type="StartScript" posX="0.0" posY="0.0">
              <brickList>
                <brick type="PlaceAtBrick">
                  <brickId>43751529-cdc8-427f-b950-30af87918968</brickId>
                  <commentedOut>false</commentedOut>
                  <formulaList>
                    <formula category="X_POSITION">
                      <additionalChildren/>
                      <type>NUMBER</type>
                      <value>1080</value>
                    </formula>
                    <formula category="Y_POSITION">
                      <additionalChildren/>
                      <type>NUMBER</type>
                      <value>0</value>
                    </formula>
                  </formulaList>
                </brick>
                <brick type="ForeverBrick">
                  <brickId>1180544b-da14-4c98-8c00-36383863a051</brickId>
                  <commentedOut>false</commentedOut>
                  <loopBricks>
                    <brick type="GlideToBrick">
                      <brickId>34412821-42c2-479d-a3ef-4ef0bb6abfb5</brickId>
                      <commentedOut>false</commentedOut>
                      <formulaList>
                        <formula category="DURATION_IN_SECONDS">
                          <additionalChildren/>
                          <type>NUMBER</type>
                          <value>10</value>
                        </formula>
                        <formula category="X_DESTINATION">
                          <additionalChildren/>
                          <rightChild>
                            <additionalChildren/>
                            <type>NUMBER</type>
                            <value>1080</value>
                          </rightChild>
                          <type>OPERATOR</type>
                          <value>MINUS</value>
                        </formula>
                        <formula category="Y_DESTINATION">
                          <additionalChildren/>
                          <type>NUMBER</type>
                          <value>0</value>
                        </formula>
                      </formulaList>
                    </brick>
                    <brick type="PlaceAtBrick">
                      <brickId>34ff2f82-f689-4e2f-b621-9e84dec65057</brickId>
                      <commentedOut>false</commentedOut>
                      <formulaList>
                        <formula category="X_POSITION">
                          <additionalChildren/>
                          <type>NUMBER</type>
                          <value>1080</value>
                        </formula>
                        <formula category="Y_POSITION">
                          <additionalChildren/>
                          <type>NUMBER</type>
                          <value>0</value>
                        </formula>
                      </formulaList>
                    </brick>
                  </loopBricks>
                </brick>
              </brickList>
              <commentedOut>false</commentedOut>
              <scriptId>502f9304-728e-4949-976a-a0c27c2d8cb3</scriptId>
            </script>
          </scriptList>
          <nfcTagList/>
          <userVariables/>
          <userLists/>
          <userDefinedBrickList/>
        </object>
        <object type="Sprite" name="Animal">
          <lookList>
            <look fileName="img_#2.png" name="Wings up">
              <isWebRequest>false</isWebRequest>
              <valid>true</valid>
            </look>
            <look fileName="img_#3.png" name="Wings down">
              <isWebRequest>false</isWebRequest>
              <valid>true</valid>
            </look>
          </lookList>
          <soundList>
            <sound fileName="snd.wav" name="Tweet1">
              <midiFile>false</midiFile>
            </sound>
            <sound fileName="snd_#0.wav" name="Tweet2">
              <midiFile>false</midiFile>
            </sound>
          </soundList>
          <scriptList>
            <script type="StartScript" posX="0.0" posY="0.0">
              <brickList>
                <brick type="ForeverBrick">
                  <brickId>9a161ba9-016c-435d-876d-9c814e932cb9</brickId>
                  <commentedOut>false</commentedOut>
                  <loopBricks>
                    <brick type="GlideToBrick">
                      <brickId>58397604-5afc-44bc-92e5-3ff573da2f93</brickId>
                      <commentedOut>false</commentedOut>
                      <formulaList>
                        <formula category="DURATION_IN_SECONDS">
                          <additionalChildren/>
                          <type>NUMBER</type>
                          <value>1</value>
                        </formula>
                        <formula category="X_DESTINATION">
                          <additionalChildren/>
                          <leftChild>
                            <additionalChildren/>
                            <rightChild>
                              <additionalChildren/>
                              <type>NUMBER</type>
                              <value>300</value>
                            </rightChild>
                            <type>OPERATOR</type>
                            <value>MINUS</value>
                          </leftChild>
                          <rightChild>
                            <additionalChildren/>
                            <type>NUMBER</type>
                            <value>300</value>
                          </rightChild>
                          <type>FUNCTION</type>
                          <value>RAND</value>
                        </formula>
                        <formula category="Y_DESTINATION">
                          <additionalChildren/>
                          <leftChild>
                            <additionalChildren/>
                            <rightChild>
                              <additionalChildren/>
                              <type>NUMBER</type>
                              <value>200</value>
                            </rightChild>
                            <type>OPERATOR</type>
                            <value>MINUS</value>
                          </leftChild>
                          <rightChild>
                            <additionalChildren/>
                            <type>NUMBER</type>
                            <value>200</value>
                          </rightChild>
                          <type>FUNCTION</type>
                          <value>RAND</value>
                        </formula>
                      </formulaList>
                    </brick>
                  </loopBricks>
                </brick>
              </brickList>
              <commentedOut>false</commentedOut>
              <scriptId>24b125d7-ca78-4fde-b25f-2f7c02b7e161</scriptId>
            </script>
            <script type="StartScript" posX="0.0" posY="0.0">
              <brickList>
                <brick type="ForeverBrick">
                  <brickId>4c6526ec-d03e-4d2b-8c35-af8b00481047</brickId>
                  <commentedOut>false</commentedOut>
                  <loopBricks>
                    <brick type="NextLookBrick">
                      <brickId>f9c29ed9-e8b1-477b-90e2-fb37e1cd66ed</brickId>
                      <commentedOut>false</commentedOut>
                    </brick>
                    <brick type="WaitBrick">
                      <brickId>7e9eb8b8-e40e-4247-8117-02e30aed94a1</brickId>
                      <commentedOut>false</commentedOut>
                      <formulaList>
                        <formula category="TIME_TO_WAIT_IN_SECONDS">
                          <additionalChildren/>
                          <type>NUMBER</type>
                          <value>0.2</value>
                        </formula>
                      </formulaList>
                    </brick>
                  </loopBricks>
                </brick>
              </brickList>
              <commentedOut>false</commentedOut>
              <scriptId>f9bbf68d-44d1-42a1-aefc-5ab66de66a08</scriptId>
            </script>
            <script type="WhenScript" posX="0.0" posY="0.0">
              <brickList>
                <brick type="PlaySoundBrick">
                  <brickId>166cf72f-cbca-4d84-ba56-894dfb080191</brickId>
                  <commentedOut>false</commentedOut>
                  <sound reference="../../../../../soundList/sound"/>
                </brick>
              </brickList>
              <commentedOut>false</commentedOut>
              <scriptId>5e3a7458-1713-4c45-927f-f3bc48746e9f</scriptId>
            </script>
          </scriptList>
          <nfcTagList/>
          <userVariables/>
          <userLists/>
          <userDefinedBrickList/>
        </object>
      </objectList>
    </scene>
  </scenes>
  <programVariableList/>
  <programListOfLists/>
  <programMultiplayerVariableList/>
</program>